{"cameraMode":{"drawMode":0,"name":"Shaded","section":"Shading Mode"},"sceneLighting":true,"audioPlay":false,"sceneViewState":{"showFog":true,"showMaterialUpdate":false,"showSkybox":true,"showFlares":true,"showImageEffects":true,"showParticleSystems":true},"in2DMode":false,"pivot":{"x":2.887754440307617,"y":8.36848258972168,"z":-4.293951034545898},"rotation":{"x":-0.04282337799668312,"y":-0.9569401741027832,"z":0.18629398941993714,"w":-0.21897587180137635},"size":1.2247449159622193,"orthographic":false}